[
{"reizigersCode": "MeijerP", "voornaam": "Pieter", "achternaam": "Meijer", "adres": "Expeditiestraat 2", "postcode": "1135 GB", "plaats": "Edam", "land": "Nederland", "reiziger_id":null},
{"reizigersCode": "FonteijnC", "voornaam": "Claar", "achternaam": "Fonteijn", "adres": "Castricummerwerf 70", "postcode": "1901 RF", "plaats": "Castricum", "land": "Nederland", "hoofdreiziger": "MeijerP"},
{"reizigersCode": "NazariM", "voornaam": "Moustafa", "achternaam": "Nazari", "adres": "Vlakdissen 12", "postcode": "1648 HJ ", "plaats": "Den Goorn", "land": "Nederland", "hoofdreiziger": null},
{"reizigersCode": "FadilT", "voornaam": "Tahera", "achternaam": "Fadil", "adres": "Houtsberg 16", "postcode": "6091 NA ", "plaats": "Leveroy", "land": "Nederland", "hoofdreiziger": null},
{"reizigersCode": "FadilO", "voornaam": "Omar", "achternaam": "Fadil", "adres": "Houtsberg 16", "postcode": "6091 NA ", "plaats": "Leveroy", "land": "Nederland", "hoofdreiziger": "FadilT"},
{"reizigersCode": "NguyenR", "voornaam": "Roy", "achternaam": "Nguyen", "adres": "Bukkemweg 1", "postcode": "5081 CT ", "plaats": "Hilvarenbeek", "land": "Nederland", "hoofdreiziger": null},
{"reizigersCode": "JeremyD", "voornaam": "Demitri", "achternaam": "Jeremy", "adres": "Rijksstraatweg 289", "postcode": "3956 CP ", "plaats": "Leersum", "land": "Nederland", "hoofdreiziger": null},
{"reizigersCode": "JeremyB", "voornaam": "Bram", "achternaam": "Jeremy", "adres": "Rijksstraatweg 289", "postcode": "3956 CP ", "plaats": "Leersum", "land": "Nederland", "hoofdreiziger": "JeremyD"},
{"reizigersCode": "JeremyD1", "voornaam": "Devid", "achternaam": "Jeremy", "adres": "De Kronkels 25", "postcode": "3752 LM ", "plaats": "Bunschoten", "land": "Nederland", "hoofdreiziger": "JeremyD"},
{"reizigersCode": "WongH", "voornaam": "Hu", "achternaam": "Wong", "adres": "Rembrandtstraat 7", "postcode": "3662 HN ", "plaats": "Oud-Bijerland", "land": "Nederland", "hoofdreiziger": null},
{"reizigersCode": "RijenF", "voornaam": "Fred", "achternaam": "van Rijen", "adres": "Einsteinstraat 10", "postcode": "1446 VG ", "plaats": "Purmerend", "land": "Nederland", "hoofdreiziger": "MulderF"},
{"reizigersCode": "MulderF", "voornaam": "Frank", "achternaam": "Mulder", "adres": "Lakenblekerstraat 49A", "postcode": "1431 GE ", "plaats": "Aalsmeer", "land": "Nederland", "hoofdreiziger": null},
{"reizigersCode": "MulderD", "voornaam": "Derek", "achternaam": "Mulder", "adres": "Lakenblekerstraat 49A", "postcode": "1431 GE ", "plaats": "Aalsmeer", "land": "Nederland", "hoofdreiziger": "MulderF"},
{"reizigersCode": "MulderS", "voornaam": "Sophie", "achternaam": "Mulder", "adres": "Lakenblekerstraat 49A", "postcode": "1431 GE ", "plaats": "Aalsmeer", "land": "Nederland", "hoofdreiziger": "MulderF"}
]
